name;mobilephone
kaique;11940349111
kaique;11940349111
kaique;11940349111
kaique;11940349111
kaique;11940349111
kaique;11940349111
kaique;11940349111
kaique;11940349111
kaique;11940349111
kaique;11940349111
kaique;11940349111
kaique;11940349111
kaique;11940349111
kaique;11940349111
kaique;11940349111
kaique;11940349111
kaique;11940349111
kaique;11940349111
kaique;11940349111
kaique;11940349111
kaique;11940349111
kaique;11940349111
kaique;11940349111
kaique;11940349111
kaique;11940349111
kaique;11940349111
kaique;11940349111
kaique;11940349111
kaique;11940349111
kaique;11940349111
kaique;11940349111
kaique;11940349111
kaique;11940349111
kaique;11940349111
kaique;11940349111
kaique;11940349111
kaique;11940349111
kaique;11940349111
kaique;11940349111
kaique;11940349111
kaique;11940349111
kaique;11940349111
kaique;11940349111
kaique;11940349111
kaique;11940349111
kaique;11940349111
kaique;11940349111
kaique;11940349111
kaique;11940349111
kaique;11940349111
kaique;11940349111
kaique;11940349111
kaique;11940349111
kaique;11940349111
kaique;11940349111
kaique;11940349111
kaique;11940349111
kaique;11940349111
kaique;11940349111
kaique;11940349111
kaique;11940349111
kaique;11940349111
kaique;11940349111
kaique;11940349111
kaique;11940349111
kaique;11940349111
kaique;11940349111
kaique;11940349111
kaique;11940349111
kaique;11940349111
kaique;11940349111
kaique;11940349111
kaique;11940349111
kaique;11940349111
kaique;11940349111
kaique;11940349111
kaique;11940349111
kaique;11940349111
kaique;11940349111
kaique;11940349111
kaique;11940349111
kaique;11940349111
kaique;11940349111
kaique;11940349111
kaique;11940349111
kaique;11940349111
kaique;11940349111
kaique;11940349111
kaique;11940349111
kaique;11940349111
kaique;11940349111
kaique;11940349111
kaique;11940349111
kaique;11940349111
kaique;11940349111
kaique;11940349111
kaique;11940349111
kaique;11940349111
kaique;11940349111
kaique;11940349111
kaique;11940349111
kaique;11940349111
kaique;11940349111
kaique;11940349111
kaique;11940349111
kaique;11940349111
kaique;11940349111
kaique;11940349111
kaique;11940349111
kaique;11940349111
kaique;11940349111
kaique;11940349111
kaique;11940349111
kaique;11940349111
kaique;11940349111
kaique;11940349111
kaique;11940349111
kaique;11940349111
kaique;11940349111
kaique;11940349111
kaique;11940349111
kaique;11940349111
kaique;11940349111
kaique;11940349111
kaique;11940349111
kaique;11940349111
kaique;11940349111
kaique;11940349111
kaique;11940349111
kaique;11940349111
kaique;11940349111
kaique;11940349111
kaique;11940349111
kaique;11940349111
kaique;11940349111
kaique;11940349111
kaique;11940349111
kaique;11940349111
kaique;11940349111
kaique;11940349111
kaique;11940349111
kaique;11940349111
kaique;11940349111
kaique;11940349111
kaique;11940349111
kaique;11940349111
kaique;11940349111
kaique;11940349111
kaique;11940349111
kaique;11940349111
kaique;11940349111
kaique;11940349111
kaique;11940349111
kaique;11940349111
kaique;11940349111
kaique;11940349111
kaique;11940349111
kaique;11940349111
kaique;11940349111
kaique;11940349111
kaique;11940349111
kaique;11940349111
kaique;11940349111
kaique;11940349111
kaique;11940349111
kaique;11940349111
kaique;11940349111
kaique;11940349111
kaique;11940349111
kaique;11940349111
kaique;11940349111
kaique;11940349111
kaique;11940349111
kaique;11940349111
kaique;11940349111
kaique;11940349111
kaique;11940349111
kaique;11940349111
kaique;11940349111
kaique;11940349111
kaique;11940349111
kaique;11940349111
kaique;11940349111
kaique;11940349111
kaique;11940349111
kaique;11940349111
kaique;11940349111
kaique;11940349111
kaique;11940349111
kaique;11940349111
kaique;11940349111
kaique;11940349111
kaique;11940349111
kaique;11940349111
kaique;11940349111
kaique;11940349111
kaique;11940349111
kaique;11940349111
kaique;11940349111
kaique;11940349111
kaique;11940349111
kaique;11940349111
kaique;11940349111
kaique;11940349111
kaique;11940349111
kaique;11940349111
kaique;11940349111
kaique;11940349111
kaique;11940349111
kaique;11940349111
kaique;11940349111
kaique;11940349111
kaique;11940349111
kaique;11940349111
kaique;11940349111
kaique;11940349111
kaique;11940349111
kaique;11940349111
kaique;11940349111
kaique;11940349111
kaique;11940349111
kaique;11940349111
kaique;11940349111
kaique;11940349111
kaique;11940349111
kaique;11940349111
kaique;11940349111
kaique;11940349111
kaique;11940349111
kaique;11940349111
kaique;11940349111
kaique;11940349111
kaique;11940349111
kaique;11940349111
kaique;11940349111
kaique;11940349111
kaique;11940349111
kaique;11940349111
kaique;11940349111
kaique;11940349111
kaique;11940349111
kaique;11940349111
kaique;11940349111
kaique;11940349111
kaique;11940349111
kaique;11940349111
kaique;11940349111
kaique;11940349111
kaique;11940349111
kaique;11940349111
kaique;11940349111
kaique;11940349111
kaique;11940349111
kaique;11940349111
kaique;11940349111
kaique;11940349111
kaique;11940349111
kaique;11940349111
kaique;11940349111
kaique;11940349111
kaique;11940349111
kaique;11940349111
kaique;11940349111
kaique;11940349111
kaique;11940349111
kaique;11940349111
kaique;11940349111
kaique;11940349111
kaique;11940349111
kaique;11940349111
kaique;11940349111
kaique;11940349111
kaique;11940349111
kaique;11940349111
kaique;11940349111
kaique;11940349111
kaique;11940349111
kaique;11940349111
kaique;11940349111
kaique;11940349111
kaique;11940349111
kaique;11940349111
kaique;11940349111
kaique;11940349111
kaique;11940349111
kaique;11940349111
kaique;11940349111
kaique;11940349111
kaique;11940349111
kaique;11940349111
kaique;11940349111
kaique;11940349111
kaique;11940349111
kaique;11940349111
kaique;11940349111
kaique;11940349111
kaique;11940349111
kaique;11940349111
kaique;11940349111
kaique;11940349111
kaique;11940349111
kaique;11940349111
kaique;11940349111
kaique;11940349111
kaique;11940349111
kaique;11940349111
kaique;11940349111
kaique;11940349111
kaique;11940349111
kaique;11940349111
kaique;11940349111
kaique;11940349111
kaique;11940349111
kaique;11940349111
kaique;11940349111
kaique;11940349111
kaique;11940349111
kaique;11940349111
kaique;11940349111
kaique;11940349111
kaique;11940349111
kaique;11940349111
kaique;11940349111
kaique;11940349111
kaique;11940349111
kaique;11940349111
kaique;11940349111
kaique;11940349111
kaique;11940349111
kaique;11940349111
kaique;11940349111
kaique;11940349111
kaique;11940349111
kaique;11940349111
kaique;11940349111
kaique;11940349111
kaique;11940349111
kaique;11940349111
kaique;11940349111
kaique;11940349111
kaique;11940349111
kaique;11940349111
kaique;11940349111
kaique;11940349111
kaique;11940349111
kaique;11940349111
kaique;11940349111
kaique;11940349111
kaique;11940349111
kaique;11940349111
kaique;11940349111
kaique;11940349111
kaique;11940349111
kaique;11940349111
kaique;11940349111
kaique;11940349111
kaique;11940349111
kaique;11940349111
kaique;11940349111
kaique;11940349111
kaique;11940349111
kaique;11940349111
kaique;11940349111
kaique;11940349111
kaique;11940349111
kaique;11940349111
kaique;11940349111
kaique;11940349111
kaique;11940349111
kaique;11940349111
kaique;11940349111
kaique;11940349111
kaique;11940349111
kaique;11940349111
kaique;11940349111
kaique;11940349111
kaique;11940349111
kaique;11940349111
kaique;11940349111
kaique;11940349111
kaique;11940349111
kaique;11940349111
kaique;11940349111
kaique;11940349111
kaique;11940349111
kaique;11940349111
kaique;11940349111
kaique;11940349111
kaique;11940349111
kaique;11940349111
kaique;11940349111
kaique;11940349111
kaique;11940349111
kaique;11940349111
kaique;11940349111
kaique;11940349111
kaique;11940349111
kaique;11940349111
kaique;11940349111
kaique;11940349111
kaique;11940349111
kaique;11940349111
kaique;11940349111
kaique;11940349111
kaique;11940349111
kaique;11940349111
kaique;11940349111
kaique;11940349111
kaique;11940349111
kaique;11940349111
kaique;11940349111
kaique;11940349111
kaique;11940349111
kaique;11940349111
kaique;11940349111
kaique;11940349111
kaique;11940349111
kaique;11940349111
kaique;11940349111
kaique;11940349111
kaique;11940349111
kaique;11940349111
kaique;11940349111
kaique;11940349111
kaique;11940349111
kaique;11940349111
kaique;11940349111
kaique;11940349111
kaique;11940349111
kaique;11940349111
kaique;11940349111
kaique;11940349111
kaique;11940349111
kaique;11940349111
kaique;11940349111
kaique;11940349111
kaique;11940349111
kaique;11940349111
kaique;11940349111
kaique;11940349111
kaique;11940349111
kaique;11940349111
kaique;11940349111
kaique;11940349111
kaique;11940349111
kaique;11940349111
kaique;11940349111
kaique;11940349111
kaique;11940349111
kaique;11940349111
kaique;11940349111
kaique;11940349111
kaique;11940349111
kaique;11940349111
kaique;11940349111
kaique;11940349111
kaique;11940349111
kaique;11940349111
kaique;11940349111
kaique;11940349111
kaique;11940349111
kaique;11940349111
kaique;11940349111
kaique;11940349111
kaique;11940349111
kaique;11940349111
kaique;11940349111
kaique;11940349111
kaique;11940349111
kaique;11940349111
kaique;11940349111
kaique;11940349111
kaique;11940349111
kaique;11940349111
kaique;11940349111
kaique;11940349111
kaique;11940349111
kaique;11940349111
kaique;11940349111
kaique;11940349111
kaique;11940349111
kaique;11940349111
kaique;11940349111
kaique;11940349111
kaique;11940349111
kaique;11940349111
kaique;11940349111
kaique;11940349111
kaique;11940349111
kaique;11940349111
kaique;11940349111
kaique;11940349111
kaique;11940349111
kaique;11940349111
kaique;11940349111
kaique;11940349111
kaique;11940349111
kaique;11940349111
kaique;11940349111
kaique;11940349111
kaique;11940349111
kaique;11940349111
kaique;11940349111
kaique;11940349111
kaique;11940349111
kaique;11940349111
kaique;11940349111
kaique;11940349111
kaique;11940349111
kaique;11940349111
kaique;11940349111
kaique;11940349111
kaique;11940349111
kaique;11940349111
kaique;11940349111
kaique;11940349111
kaique;11940349111
kaique;11940349111
kaique;11940349111
kaique;11940349111
kaique;11940349111
kaique;11940349111
kaique;11940349111
kaique;11940349111
kaique;11940349111
kaique;11940349111
kaique;11940349111
kaique;11940349111
kaique;11940349111
kaique;11940349111
kaique;11940349111
kaique;11940349111
kaique;11940349111
kaique;11940349111
kaique;11940349111
kaique;11940349111
kaique;11940349111
kaique;11940349111
kaique;11940349111
kaique;11940349111
kaique;11940349111
kaique;11940349111
kaique;11940349111
kaique;11940349111
kaique;11940349111
kaique;11940349111
kaique;11940349111
kaique;11940349111
kaique;11940349111
kaique;11940349111
kaique;11940349111
kaique;11940349111
kaique;11940349111
kaique;11940349111
kaique;11940349111
kaique;11940349111
kaique;11940349111
kaique;11940349111
kaique;11940349111
kaique;11940349111
kaique;11940349111
kaique;11940349111
kaique;11940349111
kaique;11940349111
kaique;11940349111
kaique;11940349111
kaique;11940349111
kaique;11940349111
kaique;11940349111
kaique;11940349111
kaique;11940349111
kaique;11940349111
kaique;11940349111
kaique;11940349111
kaique;11940349111
kaique;11940349111
kaique;11940349111
kaique;11940349111
kaique;11940349111
kaique;11940349111
kaique;11940349111
kaique;11940349111
kaique;11940349111
kaique;11940349111
kaique;11940349111
kaique;11940349111
kaique;11940349111
kaique;11940349111
kaique;11940349111
kaique;11940349111
kaique;11940349111
kaique;11940349111
kaique;11940349111
kaique;11940349111
kaique;11940349111
kaique;11940349111
kaique;11940349111
kaique;11940349111
kaique;11940349111
kaique;11940349111
kaique;11940349111
kaique;11940349111
kaique;11940349111
kaique;11940349111
kaique;11940349111
kaique;11940349111
kaique;11940349111
kaique;11940349111
kaique;11940349111
kaique;11940349111
kaique;11940349111
kaique;11940349111
kaique;11940349111
kaique;11940349111
kaique;11940349111
kaique;11940349111
kaique;11940349111
kaique;11940349111
kaique;11940349111
kaique;11940349111
kaique;11940349111
kaique;11940349111
kaique;11940349111
kaique;11940349111
kaique;11940349111
kaique;11940349111
kaique;11940349111
kaique;11940349111
kaique;11940349111
kaique;11940349111
kaique;11940349111
kaique;11940349111
kaique;11940349111
kaique;11940349111
kaique;11940349111
kaique;11940349111
kaique;11940349111
kaique;11940349111
kaique;11940349111
kaique;11940349111
kaique;11940349111
kaique;11940349111
kaique;11940349111
kaique;11940349111
kaique;11940349111
kaique;11940349111
kaique;11940349111
kaique;11940349111
kaique;11940349111
kaique;11940349111
kaique;11940349111
kaique;11940349111
kaique;11940349111
kaique;11940349111
kaique;11940349111
kaique;11940349111
kaique;11940349111
kaique;11940349111
kaique;11940349111
kaique;11940349111
kaique;11940349111
kaique;11940349111
kaique;11940349111
kaique;11940349111
kaique;11940349111
kaique;11940349111
kaique;11940349111
kaique;11940349111
kaique;11940349111
kaique;11940349111
kaique;11940349111
kaique;11940349111
kaique;11940349111
kaique;11940349111
kaique;11940349111
kaique;11940349111
kaique;11940349111
kaique;11940349111
kaique;11940349111
kaique;11940349111
kaique;11940349111
kaique;11940349111
kaique;11940349111
kaique;11940349111
kaique;11940349111
kaique;11940349111
kaique;11940349111
kaique;11940349111
kaique;11940349111
kaique;11940349111
kaique;11940349111
kaique;11940349111
kaique;11940349111
kaique;11940349111
kaique;11940349111
kaique;11940349111
kaique;11940349111
kaique;11940349111
kaique;11940349111
kaique;11940349111
kaique;11940349111
kaique;11940349111
kaique;11940349111
kaique;11940349111
kaique;11940349111
kaique;11940349111
kaique;11940349111
kaique;11940349111
kaique;11940349111
kaique;11940349111
kaique;11940349111
kaique;11940349111
kaique;11940349111
kaique;11940349111
kaique;11940349111
kaique;11940349111
kaique;11940349111
kaique;11940349111
kaique;11940349111
kaique;11940349111
kaique;11940349111
kaique;11940349111
kaique;11940349111
kaique;11940349111
kaique;11940349111
kaique;11940349111
kaique;11940349111
kaique;11940349111
kaique;11940349111
kaique;11940349111
kaique;11940349111
kaique;11940349111
kaique;11940349111
kaique;11940349111
kaique;11940349111
kaique;11940349111
kaique;11940349111
kaique;11940349111
kaique;11940349111
kaique;11940349111
kaique;11940349111
kaique;11940349111
kaique;11940349111
kaique;11940349111
kaique;11940349111
kaique;11940349111
kaique;11940349111
kaique;11940349111
kaique;11940349111
kaique;11940349111
kaique;11940349111
kaique;11940349111
kaique;11940349111
kaique;11940349111
kaique;11940349111
kaique;11940349111
kaique;11940349111
kaique;11940349111
kaique;11940349111
kaique;11940349111
kaique;11940349111
kaique;11940349111
kaique;11940349111
kaique;11940349111
kaique;11940349111
kaique;11940349111
kaique;11940349111
kaique;11940349111
kaique;11940349111
kaique;11940349111
kaique;11940349111
kaique;11940349111
kaique;11940349111
kaique;11940349111
kaique;11940349111
kaique;11940349111
kaique;11940349111
kaique;11940349111
kaique;11940349111
kaique;11940349111
kaique;11940349111
kaique;11940349111
kaique;11940349111
kaique;11940349111
kaique;11940349111
kaique;11940349111
kaique;11940349111
kaique;11940349111
kaique;11940349111
kaique;11940349111
kaique;11940349111
kaique;11940349111
kaique;11940349111
kaique;11940349111
kaique;11940349111
kaique;11940349111
kaique;11940349111
kaique;11940349111
kaique;11940349111
kaique;11940349111
kaique;11940349111
kaique;11940349111
kaique;11940349111
kaique;11940349111
kaique;11940349111
kaique;11940349111
kaique;11940349111
kaique;11940349111
kaique;11940349111
kaique;11940349111
kaique;11940349111
kaique;11940349111
kaique;11940349111
kaique;11940349111
kaique;11940349111
kaique;11940349111
kaique;11940349111
kaique;11940349111
kaique;11940349111
kaique;11940349111
kaique;11940349111
kaique;11940349111
kaique;11940349111
kaique;11940349111
kaique;11940349111
kaique;11940349111
kaique;11940349111
kaique;11940349111
kaique;11940349111
kaique;11940349111
kaique;11940349111
kaique;11940349111
kaique;11940349111
kaique;11940349111
kaique;11940349111
kaique;11940349111
kaique;11940349111
kaique;11940349111
kaique;11940349111
kaique;11940349111
kaique;11940349111
kaique;11940349111
kaique;11940349111
kaique;11940349111
kaique;11940349111
kaique;11940349111
kaique;11940349111
kaique;11940349111
kaique;11940349111
kaique;11940349111
kaique;11940349111
kaique;11940349111
kaique;11940349111
kaique;11940349111
kaique;11940349111
kaique;11940349111
kaique;11940349111
kaique;11940349111
kaique;11940349111
kaique;11940349111
kaique;11940349111
kaique;11940349111
kaique;11940349111
kaique;11940349111
kaique;11940349111
kaique;11940349111
kaique;11940349111
kaique;11940349111
kaique;11940349111
kaique;11940349111
kaique;11940349111
kaique;11940349111
kaique;11940349111
kaique;11940349111
kaique;11940349111
kaique;11940349111
kaique;11940349111
kaique;11940349111
kaique;11940349111
kaique;11940349111
kaique;11940349111
kaique;11940349111
kaique;11940349111
kaique;11940349111
kaique;11940349111
kaique;11940349111
kaique;11940349111
kaique;11940349111
kaique;11940349111
kaique;11940349111
kaique;11940349111
kaique;11940349111
kaique;11940349111
kaique;11940349111
kaique;11940349111
kaique;11940349111
kaique;11940349111
kaique;11940349111
kaique;11940349111
kaique;11940349111
kaique;11940349111
kaique;11940349111
kaique;11940349111
kaique;11940349111
kaique;11940349111
kaique;11940349111
kaique;11940349111
kaique;11940349111
kaique;11940349111
kaique;11940349111
kaique;11940349111
kaique;11940349111
kaique;11940349111
kaique;11940349111
kaique;11940349111
kaique;11940349111
kaique;11940349111
kaique;11940349111
kaique;11940349111
kaique;11940349111
kaique;11940349111
kaique;11940349111
kaique;11940349111
kaique;11940349111
kaique;11940349111
kaique;11940349111
kaique;11940349111
kaique;11940349111
kaique;11940349111
kaique;11940349111
kaique;11940349111
kaique;11940349111
kaique;11940349111
kaique;11940349111
kaique;11940349111
kaique;11940349111
kaique;11940349111
kaique;11940349111
kaique;11940349111
kaique;11940349111
kaique;11940349111
kaique;11940349111
kaique;11940349111
kaique;11940349111
kaique;11940349111
kaique;11940349111
kaique;11940349111
kaique;11940349111
kaique;11940349111
kaique;11940349111
kaique;11940349111
kaique;11940349111
kaique;11940349111
kaique;11940349111
kaique;11940349111
kaique;11940349111
kaique;11940349111
kaique;11940349111
kaique;11940349111
kaique;11940349111
kaique;11940349111
kaique;11940349111
kaique;11940349111
kaique;11940349111
kaique;11940349111
kaique;11940349111
kaique;11940349111
kaique;11940349111
kaique;11940349111
kaique;11940349111
kaique;11940349111
kaique;11940349111
kaique;11940349111
kaique;11940349111
kaique;11940349111
kaique;11940349111
kaique;11940349111
kaique;11940349111
kaique;11940349111
kaique;11940349111
kaique;11940349111
kaique;11940349111
kaique;11940349111
kaique;11940349111
kaique;11940349111
kaique;11940349111
kaique;11940349111
kaique;11940349111
kaique;11940349111
kaique;11940349111
kaique;11940349111
kaique;11940349111
kaique;11940349111
kaique;11940349111
kaique;11940349111
kaique;11940349111
kaique;11940349111
kaique;11940349111
kaique;11940349111
kaique;11940349111
kaique;11940349111
kaique;11940349111
kaique;11940349111
kaique;11940349111
kaique;11940349111
kaique;11940349111
kaique;11940349111
kaique;11940349111
kaique;11940349111
kaique;11940349111
kaique;11940349111
kaique;11940349111
kaique;11940349111
kaique;11940349111
kaique;11940349111
kaique;11940349111
kaique;11940349111
kaique;11940349111
kaique;11940349111
kaique;11940349111
kaique;11940349111
kaique;11940349111
kaique;11940349111
kaique;11940349111
kaique;11940349111
kaique;11940349111
kaique;11940349111
kaique;11940349111
kaique;11940349111
kaique;11940349111
kaique;11940349111
kaique;11940349111
kaique;11940349111
kaique;11940349111
kaique;11940349111
kaique;11940349111
kaique;11940349111
kaique;11940349111
kaique;11940349111
kaique;11940349111
kaique;11940349111
kaique;11940349111
kaique;11940349111
kaique;11940349111
kaique;11940349111
kaique;11940349111
kaique;11940349111
kaique;11940349111
kaique;11940349111
kaique;11940349111
kaique;11940349111
kaique;11940349111
kaique;11940349111
kaique;11940349111
kaique;11940349111
kaique;11940349111
kaique;11940349111
kaique;11940349111
kaique;11940349111
kaique;11940349111
kaique;11940349111
kaique;11940349111
kaique;11940349111
kaique;11940349111
kaique;11940349111
kaique;11940349111
kaique;11940349111
kaique;11940349111
kaique;11940349111
kaique;11940349111
kaique;11940349111
kaique;11940349111
kaique;11940349111
kaique;11940349111
kaique;11940349111
kaique;11940349111
kaique;11940349111
kaique;11940349111
kaique;11940349111
kaique;11940349111
kaique;11940349111
kaique;11940349111
kaique;11940349111
kaique;11940349111
kaique;11940349111
kaique;11940349111
kaique;11940349111
kaique;11940349111
kaique;11940349111
kaique;11940349111
kaique;11940349111
kaique;11940349111
kaique;11940349111
kaique;11940349111
kaique;11940349111
kaique;11940349111
kaique;11940349111
kaique;11940349111
kaique;11940349111
kaique;11940349111
kaique;11940349111
kaique;11940349111
kaique;11940349111
kaique;11940349111
kaique;11940349111
kaique;11940349111
kaique;11940349111
kaique;11940349111
kaique;11940349111
kaique;11940349111
kaique;11940349111
kaique;11940349111
kaique;11940349111
kaique;11940349111
kaique;11940349111
kaique;11940349111
kaique;11940349111
kaique;11940349111
kaique;11940349111
kaique;11940349111
kaique;11940349111
kaique;11940349111
kaique;11940349111
kaique;11940349111
kaique;11940349111
kaique;11940349111
kaique;11940349111
kaique;11940349111
kaique;11940349111
kaique;11940349111
kaique;11940349111
kaique;11940349111
kaique;11940349111
kaique;11940349111
kaique;11940349111
kaique;11940349111
kaique;11940349111
kaique;11940349111
kaique;11940349111
kaique;11940349111
kaique;11940349111
kaique;11940349111
kaique;11940349111
kaique;11940349111
kaique;11940349111
kaique;11940349111
kaique;11940349111
kaique;11940349111
kaique;11940349111
kaique;11940349111
kaique;11940349111
kaique;11940349111
kaique;11940349111
kaique;11940349111
kaique;11940349111
kaique;11940349111
kaique;11940349111
kaique;11940349111
kaique;11940349111
kaique;11940349111
kaique;11940349111
kaique;11940349111
kaique;11940349111
kaique;11940349111
kaique;11940349111
kaique;11940349111
kaique;11940349111
kaique;11940349111
kaique;11940349111
kaique;11940349111
kaique;11940349111
kaique;11940349111
kaique;11940349111
kaique;11940349111
kaique;11940349111
kaique;11940349111
kaique;11940349111
kaique;11940349111
kaique;11940349111
kaique;11940349111
kaique;11940349111
kaique;11940349111
kaique;11940349111
kaique;11940349111
kaique;11940349111
kaique;11940349111
kaique;11940349111
kaique;11940349111
kaique;11940349111
kaique;11940349111
kaique;11940349111
kaique;11940349111
kaique;11940349111
kaique;11940349111
kaique;11940349111
kaique;11940349111
kaique;11940349111
kaique;11940349111
kaique;11940349111
kaique;11940349111
kaique;11940349111
kaique;11940349111
kaique;11940349111
kaique;11940349111
kaique;11940349111
kaique;11940349111
kaique;11940349111
kaique;11940349111
kaique;11940349111
kaique;11940349111
kaique;11940349111
kaique;11940349111
kaique;11940349111
kaique;11940349111
kaique;11940349111
kaique;11940349111
kaique;11940349111
kaique;11940349111
kaique;11940349111
kaique;11940349111
kaique;11940349111
kaique;11940349111
kaique;11940349111
kaique;11940349111
kaique;11940349111
kaique;11940349111
kaique;11940349111
kaique;11940349111
kaique;11940349111
kaique;11940349111
kaique;11940349111
kaique;11940349111
kaique;11940349111
kaique;11940349111
kaique;11940349111
kaique;11940349111
kaique;11940349111
kaique;11940349111
kaique;11940349111
kaique;11940349111
kaique;11940349111
kaique;11940349111
kaique;11940349111
kaique;11940349111
kaique;11940349111
kaique;11940349111
kaique;11940349111
kaique;11940349111
kaique;11940349111
kaique;11940349111
kaique;11940349111
kaique;11940349111
kaique;11940349111
kaique;11940349111
kaique;11940349111
kaique;11940349111
kaique;11940349111
kaique;11940349111
kaique;11940349111
kaique;11940349111
kaique;11940349111
kaique;11940349111
kaique;11940349111
kaique;11940349111
kaique;11940349111
kaique;11940349111
kaique;11940349111
kaique;11940349111
kaique;11940349111
kaique;11940349111
kaique;11940349111
kaique;11940349111
kaique;11940349111
kaique;11940349111
kaique;11940349111
kaique;11940349111
kaique;11940349111
kaique;11940349111
kaique;11940349111
kaique;11940349111
kaique;11940349111
kaique;11940349111
kaique;11940349111
kaique;11940349111
kaique;11940349111
kaique;11940349111
kaique;11940349111
kaique;11940349111
kaique;11940349111
kaique;11940349111
kaique;11940349111
kaique;11940349111
kaique;11940349111
kaique;11940349111
kaique;11940349111
kaique;11940349111
kaique;11940349111
kaique;11940349111
kaique;11940349111
kaique;11940349111
kaique;11940349111
kaique;11940349111
kaique;11940349111
kaique;11940349111
kaique;11940349111
kaique;11940349111
kaique;11940349111
kaique;11940349111
kaique;11940349111
kaique;11940349111
kaique;11940349111
kaique;11940349111
kaique;11940349111
kaique;11940349111
kaique;11940349111
kaique;11940349111
kaique;11940349111
kaique;11940349111
kaique;11940349111
kaique;11940349111
kaique;11940349111
kaique;11940349111
kaique;11940349111
kaique;11940349111
kaique;11940349111
kaique;11940349111
kaique;11940349111
kaique;11940349111
kaique;11940349111
kaique;11940349111
kaique;11940349111
kaique;11940349111
kaique;11940349111
kaique;11940349111
kaique;11940349111
kaique;11940349111
kaique;11940349111
kaique;11940349111
kaique;11940349111
kaique;11940349111
kaique;11940349111
kaique;11940349111
kaique;11940349111
kaique;11940349111
kaique;11940349111
kaique;11940349111
kaique;11940349111
kaique;11940349111
kaique;11940349111
kaique;11940349111
kaique;11940349111
kaique;11940349111
kaique;11940349111
kaique;11940349111
kaique;11940349111
kaique;11940349111
kaique;11940349111
kaique;11940349111
kaique;11940349111
kaique;11940349111
kaique;11940349111
kaique;11940349111
kaique;11940349111
kaique;11940349111
kaique;11940349111
kaique;11940349111
kaique;11940349111
kaique;11940349111
kaique;11940349111
kaique;11940349111
kaique;11940349111
kaique;11940349111
kaique;11940349111
kaique;11940349111
kaique;11940349111
kaique;11940349111
kaique;11940349111
kaique;11940349111
kaique;11940349111
kaique;11940349111
kaique;11940349111
kaique;11940349111
kaique;11940349111
kaique;11940349111
kaique;11940349111
kaique;11940349111
kaique;11940349111
kaique;11940349111
kaique;11940349111
kaique;11940349111
kaique;11940349111
kaique;11940349111
kaique;11940349111
kaique;11940349111
kaique;11940349111
kaique;11940349111
kaique;11940349111
kaique;11940349111
kaique;11940349111
kaique;11940349111
kaique;11940349111
kaique;11940349111
kaique;11940349111
kaique;11940349111
kaique;11940349111
kaique;11940349111
kaique;11940349111
kaique;11940349111
kaique;11940349111
kaique;11940349111
kaique;11940349111
kaique;11940349111
kaique;11940349111
kaique;11940349111
kaique;11940349111
kaique;11940349111
kaique;11940349111
kaique;11940349111
kaique;11940349111
kaique;11940349111
kaique;11940349111
kaique;11940349111
kaique;11940349111
kaique;11940349111
kaique;11940349111
kaique;11940349111
kaique;11940349111
kaique;11940349111
kaique;11940349111
kaique;11940349111
kaique;11940349111
kaique;11940349111
kaique;11940349111
kaique;11940349111
kaique;11940349111
kaique;11940349111
kaique;11940349111
kaique;11940349111
kaique;11940349111
kaique;11940349111
kaique;11940349111
kaique;11940349111
kaique;11940349111
kaique;11940349111
kaique;11940349111
kaique;11940349111
kaique;11940349111
kaique;11940349111
kaique;11940349111
kaique;11940349111
kaique;11940349111
kaique;11940349111
kaique;11940349111
kaique;11940349111
kaique;11940349111
kaique;11940349111
kaique;11940349111
kaique;11940349111
kaique;11940349111
kaique;11940349111
kaique;11940349111
kaique;11940349111
kaique;11940349111
kaique;11940349111
kaique;11940349111
kaique;11940349111
kaique;11940349111
kaique;11940349111
kaique;11940349111
kaique;11940349111
kaique;11940349111
kaique;11940349111
kaique;11940349111
kaique;11940349111
kaique;11940349111
kaique;11940349111
kaique;11940349111
kaique;11940349111
kaique;11940349111
kaique;11940349111
kaique;11940349111
kaique;11940349111
kaique;11940349111
kaique;11940349111
kaique;11940349111
kaique;11940349111
kaique;11940349111
kaique;11940349111
kaique;11940349111
kaique;11940349111
kaique;11940349111
kaique;11940349111
kaique;11940349111
kaique;11940349111
kaique;11940349111
kaique;11940349111
kaique;11940349111
kaique;11940349111
kaique;11940349111
kaique;11940349111
kaique;11940349111
kaique;11940349111
kaique;11940349111
kaique;11940349111
kaique;11940349111
kaique;11940349111
kaique;11940349111
kaique;11940349111
kaique;11940349111
kaique;11940349111
kaique;11940349111
kaique;11940349111
kaique;11940349111
kaique;11940349111
kaique;11940349111
kaique;11940349111
kaique;11940349111
kaique;11940349111
kaique;11940349111
kaique;11940349111
kaique;11940349111
kaique;11940349111
kaique;11940349111
kaique;11940349111
kaique;11940349111
kaique;11940349111
kaique;11940349111
kaique;11940349111
kaique;11940349111
kaique;11940349111
kaique;11940349111
kaique;11940349111
kaique;11940349111
kaique;11940349111
kaique;11940349111
kaique;11940349111
kaique;11940349111
kaique;11940349111
kaique;11940349111
kaique;11940349111
kaique;11940349111
kaique;11940349111
kaique;11940349111
kaique;11940349111
kaique;11940349111
kaique;11940349111
kaique;11940349111
kaique;11940349111
kaique;11940349111
kaique;11940349111
kaique;11940349111
kaique;11940349111
kaique;11940349111
kaique;11940349111
kaique;11940349111
kaique;11940349111
kaique;11940349111
kaique;11940349111
kaique;11940349111
kaique;11940349111
kaique;11940349111
kaique;11940349111
kaique;11940349111
kaique;11940349111
kaique;11940349111
kaique;11940349111
kaique;11940349111
kaique;11940349111
kaique;11940349111
kaique;11940349111
kaique;11940349111
kaique;11940349111
kaique;11940349111
kaique;11940349111
kaique;11940349111
kaique;11940349111
kaique;11940349111
kaique;11940349111
kaique;11940349111
kaique;11940349111
kaique;11940349111
kaique;11940349111
kaique;11940349111
kaique;11940349111
kaique;11940349111
kaique;11940349111
kaique;11940349111
kaique;11940349111
kaique;11940349111
kaique;11940349111
kaique;11940349111
kaique;11940349111
kaique;11940349111
kaique;11940349111
kaique;11940349111
kaique;11940349111
kaique;11940349111
kaique;11940349111
kaique;11940349111
kaique;11940349111
kaique;11940349111
kaique;11940349111
kaique;11940349111
kaique;11940349111
kaique;11940349111
kaique;11940349111
kaique;11940349111
kaique;11940349111
kaique;11940349111
kaique;11940349111
kaique;11940349111
kaique;11940349111
kaique;11940349111
kaique;11940349111
kaique;11940349111
kaique;11940349111
kaique;11940349111
kaique;11940349111
kaique;11940349111
kaique;11940349111
kaique;11940349111
kaique;11940349111
kaique;11940349111
kaique;11940349111
kaique;11940349111
kaique;11940349111
kaique;11940349111
kaique;11940349111
kaique;11940349111
kaique;11940349111
kaique;11940349111
kaique;11940349111
kaique;11940349111
kaique;11940349111
kaique;11940349111
kaique;11940349111
kaique;11940349111
kaique;11940349111
kaique;11940349111
kaique;11940349111
kaique;11940349111
kaique;11940349111
kaique;11940349111
kaique;11940349111
kaique;11940349111
kaique;11940349111
kaique;11940349111
kaique;11940349111
kaique;11940349111
kaique;11940349111
kaique;11940349111
kaique;11940349111
kaique;11940349111
kaique;11940349111
kaique;11940349111
kaique;11940349111
kaique;11940349111
kaique;11940349111
kaique;11940349111
kaique;11940349111
kaique;11940349111
kaique;11940349111
kaique;11940349111
kaique;11940349111
kaique;11940349111
kaique;11940349111
kaique;11940349111
kaique;11940349111
kaique;11940349111
kaique;11940349111
kaique;11940349111
kaique;11940349111
kaique;11940349111
kaique;11940349111
kaique;11940349111
kaique;11940349111
kaique;11940349111
kaique;11940349111
kaique;11940349111
kaique;11940349111
kaique;11940349111
kaique;11940349111
kaique;11940349111
kaique;11940349111
kaique;11940349111
kaique;11940349111
kaique;11940349111
kaique;11940349111
kaique;11940349111
kaique;11940349111
kaique;11940349111
kaique;11940349111
kaique;11940349111
kaique;11940349111
kaique;11940349111
kaique;11940349111
kaique;11940349111
kaique;11940349111
kaique;11940349111
kaique;11940349111
kaique;11940349111
kaique;11940349111
kaique;11940349111
kaique;11940349111
kaique;11940349111
kaique;11940349111
kaique;11940349111
kaique;11940349111
kaique;11940349111
kaique;11940349111
kaique;11940349111
kaique;11940349111
kaique;11940349111
kaique;11940349111
kaique;11940349111
kaique;11940349111
kaique;11940349111
kaique;11940349111
kaique;11940349111
kaique;11940349111
kaique;11940349111
kaique;11940349111
kaique;11940349111
kaique;11940349111
kaique;11940349111
kaique;11940349111
kaique;11940349111
kaique;11940349111
kaique;11940349111
kaique;11940349111
kaique;11940349111
kaique;11940349111
kaique;11940349111
kaique;11940349111
kaique;11940349111
kaique;11940349111
kaique;11940349111
kaique;11940349111
kaique;11940349111
kaique;11940349111
kaique;11940349111
kaique;11940349111
kaique;11940349111
kaique;11940349111
kaique;11940349111
kaique;11940349111
kaique;11940349111
kaique;11940349111
kaique;11940349111
kaique;11940349111
kaique;11940349111
kaique;11940349111
kaique;11940349111
kaique;11940349111
kaique;11940349111
kaique;11940349111
kaique;11940349111
kaique;11940349111
kaique;11940349111
kaique;11940349111
kaique;11940349111
kaique;11940349111
kaique;11940349111
kaique;11940349111
kaique;11940349111
kaique;11940349111
kaique;11940349111
kaique;11940349111
kaique;11940349111
kaique;11940349111
kaique;11940349111
kaique;11940349111
kaique;11940349111
kaique;11940349111
kaique;11940349111
kaique;11940349111
kaique;11940349111
kaique;11940349111
kaique;11940349111
kaique;11940349111
kaique;11940349111
kaique;11940349111
kaique;11940349111
kaique;11940349111
kaique;11940349111
kaique;11940349111
kaique;11940349111
kaique;11940349111
kaique;11940349111
kaique;11940349111
kaique;11940349111
kaique;11940349111
kaique;11940349111
kaique;11940349111
kaique;11940349111
kaique;11940349111
kaique;11940349111
kaique;11940349111
kaique;11940349111
kaique;11940349111
kaique;11940349111
kaique;11940349111
kaique;11940349111
kaique;11940349111
kaique;11940349111
kaique;11940349111
kaique;11940349111
kaique;11940349111
kaique;11940349111
kaique;11940349111
kaique;11940349111
kaique;11940349111
kaique;11940349111
kaique;11940349111
kaique;11940349111
kaique;11940349111
kaique;11940349111
kaique;11940349111
kaique;11940349111
kaique;11940349111
kaique;11940349111
kaique;11940349111
kaique;11940349111
kaique;11940349111
kaique;11940349111
kaique;11940349111
kaique;11940349111
kaique;11940349111
kaique;11940349111
kaique;11940349111
kaique;11940349111
kaique;11940349111
kaique;11940349111
kaique;11940349111
kaique;11940349111
kaique;11940349111
kaique;11940349111
kaique;11940349111
kaique;11940349111
kaique;11940349111
kaique;11940349111
kaique;11940349111
kaique;11940349111
kaique;11940349111
kaique;11940349111
kaique;11940349111
kaique;11940349111
kaique;11940349111
kaique;11940349111
kaique;11940349111
kaique;11940349111
kaique;11940349111
kaique;11940349111
kaique;11940349111
kaique;11940349111
kaique;11940349111
kaique;11940349111
kaique;11940349111
kaique;11940349111
kaique;11940349111
kaique;11940349111
kaique;11940349111
kaique;11940349111
kaique;11940349111
kaique;11940349111
kaique;11940349111
kaique;11940349111
kaique;11940349111
kaique;11940349111
kaique;11940349111
kaique;11940349111
kaique;11940349111
kaique;11940349111
kaique;11940349111
kaique;11940349111
kaique;11940349111
kaique;11940349111
kaique;11940349111
kaique;11940349111
kaique;11940349111
kaique;11940349111
kaique;11940349111
kaique;11940349111
kaique;11940349111
kaique;11940349111
kaique;11940349111
kaique;11940349111
kaique;11940349111
kaique;11940349111
kaique;11940349111
kaique;11940349111
kaique;11940349111
kaique;11940349111
kaique;11940349111
kaique;11940349111
kaique;11940349111
kaique;11940349111
kaique;11940349111
kaique;11940349111
kaique;11940349111
kaique;11940349111
kaique;11940349111
kaique;11940349111
kaique;11940349111
kaique;11940349111
kaique;11940349111
kaique;11940349111
kaique;11940349111
kaique;11940349111
kaique;11940349111
kaique;11940349111
kaique;11940349111
kaique;11940349111
kaique;11940349111
kaique;11940349111
kaique;11940349111
kaique;11940349111
kaique;11940349111
kaique;11940349111
kaique;11940349111
kaique;11940349111
kaique;11940349111
kaique;11940349111
kaique;11940349111
kaique;11940349111
kaique;11940349111
kaique;11940349111
kaique;11940349111
kaique;11940349111
kaique;11940349111
kaique;11940349111
kaique;11940349111
kaique;11940349111
kaique;11940349111
kaique;11940349111
kaique;11940349111
kaique;11940349111
kaique;11940349111
kaique;11940349111
kaique;11940349111
kaique;11940349111
kaique;11940349111
kaique;11940349111
kaique;11940349111
kaique;11940349111
kaique;11940349111
kaique;11940349111
kaique;11940349111
kaique;11940349111
kaique;11940349111
kaique;11940349111
kaique;11940349111
kaique;11940349111
kaique;11940349111
kaique;11940349111
kaique;11940349111
kaique;11940349111
kaique;11940349111
kaique;11940349111
kaique;11940349111
kaique;11940349111
kaique;11940349111
kaique;11940349111
kaique;11940349111
kaique;11940349111
kaique;11940349111
kaique;11940349111
kaique;11940349111
kaique;11940349111
kaique;11940349111
kaique;11940349111
kaique;11940349111
kaique;11940349111
kaique;11940349111
kaique;11940349111
kaique;11940349111
kaique;11940349111
kaique;11940349111
kaique;11940349111
kaique;11940349111